{
"copt+SB":
{"time":0,
"optimal":true,
"obj":12,
"sol":[[5, 6, 3], [2, 4], [7, 1]]
},
"copt":
{"time":0,
"optimal":true,
"obj":12,
"sol":[[5, 6, 3], [2, 4], [7, 1]]
},
"gurobi+SB":
{"time":0,
"optimal":true,
"obj":12,
"sol":[[5, 4, 2], [3, 7], [6, 1]]
},
"gurobi":
{"time":0,
"optimal":true,
"obj":12,
"sol":[[5, 4, 2], [3, 7], [6, 1]]
},
"cbc+SB":
{"time":0,
"optimal":true,
"obj":12,
"sol":[[5, 6, 3], [2, 4], [1, 7]]
},
"cbc":
{"time":0,
"optimal":true,
"obj":12,
"sol":[[5, 6, 3], [2, 4], [1, 7]]
}
}