{
"copt+SB":
{"time":0,
"optimal":true,
"obj":220,
"sol":[[7], [6], [4, 2], [3], [1, 10], [8], [5], [9]]
},
"copt":
{"time":0,
"optimal":true,
"obj":220,
"sol":[[1, 2, 5], [9], [8], [3], [4], [6], [7], [10]]
},
"gurobi+SB":
{"time":0,
"optimal":true,
"obj":220,
"sol":[[2], [8], [1], [7], [9], [4], [5, 10, 3], [6]]
},
"gurobi":
{"time":0,
"optimal":true,
"obj":220,
"sol":[[8], [7], [6], [5], [4], [3], [2], [9, 10, 1]]
},
"cbc+SB":
{"time":1,
"optimal":true,
"obj":220,
"sol":[[2], [5], [1, 3], [6], [9], [10, 4], [7], [8]]
},
"cbc":
{"time":0,
"optimal":true,
"obj":220,
"sol":[[8], [3], [10], [6], [5], [7], [4], [2, 1, 9]]
}
}