{
"copt+SB":
{"time":3,
"optimal":true,
"obj":167,
"sol":[[7, 14, 3], [1, 6, 8], [4, 9], [15, 5], [17, 2, 13], [12, 11, 10, 16]]
},
"copt":
{"time":3,
"optimal":true,
"obj":167,
"sol":[[14, 7, 15], [2, 13], [17, 5, 9], [11, 4, 12], [1, 10], [6, 8, 16, 3]]
},
"gurobi+SB":
{"time":0,
"optimal":true,
"obj":167,
"sol":[[1, 3], [2], [17, 4], [7, 14, 13, 11], [12, 5, 9], [10, 16, 8, 6, 15]]
},
"gurobi":
{"time":0,
"optimal":true,
"obj":167,
"sol":[[12, 10, 3], [4, 9], [11, 1, 8, 16, 6], [13, 7, 14], [2], [17, 5, 15]]
},
"cbc+SB":
{"time":15,
"optimal":true,
"obj":167,
"sol":[[15, 13, 4], [1, 14], [17, 2, 12], [10, 7], [8, 16, 3, 6], [11, 5, 9]]
},
"cbc":
{"time":115,
"optimal":true,
"obj":167,
"sol":[[8, 17, 5, 9], [15, 11, 4], [1, 16, 6], [2, 13], [3, 12], [7, 14, 10]]
}
}