{
"cvc5_SMTLIB":
{"time":1,
"optimal":true,
"obj":14,
"sol":[[1, 3, 4], [2, 5, 6]]
},
"z3_SMTLIB":
{"time":0,
"optimal":true,
"obj":14,
"sol":[[1, 3, 4], [2, 5, 6]]
},
"z3_direct_full_symmetry_break":
{"time":0,
"optimal":true,
"obj":14,
"sol":[[4, 3, 1], [2, 5, 6]]
},
"z3_direct":
{"time":0,
"optimal":true,
"obj":14,
"sol":[[4, 3, 1], [2, 5, 6]]
},
"z3_direct_load_symmetry_break":
{"time":0,
"optimal":true,
"obj":14,
"sol":[[4, 3, 1], [2, 5, 6]]
},
"z3_direct":
{"time":0,
"optimal":true,
"obj":14,
"sol":[[4, 3, 1], [2, 5, 6]]
}
}
