{
"z3_SMTLIB":
{"time":1410,
"optimal":false,
"obj":1622,
"sol":[[17, 25, 37, 9, 20, 10, 12, 24, 8, 43, 39, 19, 42, 7, 1, 28, 18, 2, 21, 34], [36, 35, 40, 41, 29, 26, 16, 47, 3, 15, 11, 4, 46], [45, 22, 38, 31, 32, 14, 27, 33, 23, 13, 44, 5, 6, 30]]
},
"z3_direct_full_symmetry_break":
{"time":300,
"optimal":false,
"obj":max_distance,
"sol":[[], [], []]
},
"z3_direct_dist_symmetry_break":
{"time":300,
"optimal":false,
"obj":max_distance,
"sol":[[], [], []]
},
"z3_direct_load_symmetry_break":
{"time":300,
"optimal":false,
"obj":max_distance,
"sol":[[], [], []]
},
"z3_direct":
{"time":300,
"optimal":false,
"obj":1660,
"sol":[[15, 44, 32, 22, 2, 17, 37, 43, 25, 33, 34, 12, 20, 28, 16, 41, 40, 4, 29, 23, 38, 36, 31], [1, 21, 8, 47, 6, 27, 42, 39, 24], [35, 5, 14, 30, 7, 13, 3, 46, 26, 18, 11, 19, 10, 45, 9]]
},
"z3_direct":
{"time":300,
"optimal":false,
"obj":1660,
"sol":[[15, 44, 32, 22, 2, 17, 37, 43, 25, 33, 34, 12, 20, 28, 16, 41, 40, 4, 29, 23, 38, 36, 31], [1, 21, 8, 47, 6, 27, 42, 39, 24], [35, 5, 14, 30, 7, 13, 3, 46, 26, 18, 11, 19, 10, 45, 9]]
}
}