{
"cvc5_SMTLIB":
{"time":4,
"optimal":true,
"obj":226,
"sol":[[9], [2, 3], [4, 1], [5], [6, 8], [7]]
},
"z3_SMTLIB":
{"time":4,
"optimal":true,
"obj":226,
"sol":[[5], [8], [6], [7, 2], [9, 3], [1, 4]]
},
"z3_direct_full_symmetry_break":
{"time":0,
"optimal":true,
"obj":226,
"sol":[[2], [8], [7], [4, 1], [3, 5], [9, 6]]
},
"z3_direct":
{"time":0,
"optimal":true,
"obj":226,
"sol":[[8], [4, 1], [2], [3], [6, 9], [5, 7]]
},
"z3_direct_load_symmetry_break":
{"time":0,
"optimal":true,
"obj":226,
"sol":[[2], [8], [7], [4, 1], [3, 5], [9, 6]]
},
"z3_direct":
{"time":1,
"optimal":true,
"obj":226,
"sol":[[8], [4, 1], [2], [3], [6, 9], [5, 7]]
}
}