{
"cvc5_SMTLIB":
{"time":2,
"optimal":true,
"obj":220,
"sol":[[10], [9], [8], [6], [7], [4], [3], [5, 1, 2]]
},
"z3_SMTLIB":
{"time":2,
"optimal":true,
"obj":220,
"sol":[[4], [10, 1], [2], [8], [9], [5, 7], [6], [3]]
},
"z3_direct_full_symmetry_break":
{"time":1,
"optimal":true,
"obj":220,
"sol":[[8], [9], [7], [2, 5], [6], [4], [3], [1, 10]]
},
"z3_direct":
{"time":0,
"optimal":true,
"obj":220,
"sol":[[8], [10], [2], [5], [4], [7], [1], [6, 3, 9]]
},
"z3_direct_load_symmetry_break":
{"time":1,
"optimal":true,
"obj":220,
"sol":[[8], [9], [7], [2, 5], [6], [4], [3], [1, 10]]
},
"z3_direct":
{"time":0,
"optimal":true,
"obj":220,
"sol":[[8], [10], [2], [5], [4], [7], [1], [6, 3, 9]]
}
}