{
"cvc5_SMTLIB":
{"time":617,
"optimal":false,
"obj":171,
"sol":[[9, 5], [2], [1, 4, 15], [17, 13, 14], [6, 8, 16, 10], [11, 12, 7, 3]]
},
"z3_SMTLIB":
{"time":845,
"optimal":false,
"obj":247,
"sol":[[17, 8, 10], [3, 2, 13], [12, 1, 7, 4, 14], [9], [16], [6, 5, 15, 11]]
},
"z3_direct_full_symmetry_break":
{"time":236,
"optimal":true,
"obj":167,
"sol":[[6, 17, 8], [11, 5, 9], [2, 12], [7, 14, 3], [15, 16, 10], [13, 1, 4]]
},
"z3_direct":
{"time":258,
"optimal":true,
"obj":167,
"sol":[[13, 5], [17, 2], [1, 3, 8, 16, 6], [14, 11, 15, 9], [12, 4], [7, 10]]
},
"z3_direct_load_symmetry_break":
{"time":261,
"optimal":true,
"obj":167,
"sol":[[6, 17, 8], [11, 5, 9], [2, 12], [7, 14, 3], [15, 16, 10], [13, 1, 4]]
},
"z3_direct":
{"time":284,
"optimal":true,
"obj":167,
"sol":[[13, 5], [17, 2], [1, 3, 8, 16, 6], [14, 11, 15, 9], [12, 4], [7, 10]]
}
}