{
"cvc5_SMTLIB":
{"time":5,
"optimal":true,
"obj":186,
"sol":[[6], [4], [3], [9], [2, 1], [8], [7], [10, 5]]
},
"z3_SMTLIB":
{"time":3,
"optimal":true,
"obj":186,
"sol":[[3, 2], [4], [6], [9, 7], [1], [8], [5], [10]]
},
"z3_direct_full_symmetry_break":
{"time":1,
"optimal":true,
"obj":186,
"sol":[[8], [9], [6], [10, 5], [1], [3], [7], [2, 4]]
},
"z3_direct":
{"time":0,
"optimal":true,
"obj":186,
"sol":[[7], [2, 10], [1], [4], [6], [9], [3, 5], [8]]
},
"z3_direct_load_symmetry_break":
{"time":1,
"optimal":true,
"obj":186,
"sol":[[8], [9], [6], [10, 5], [1], [3], [7], [2, 4]]
},
"z3_direct":
{"time":0,
"optimal":true,
"obj":186,
"sol":[[7], [2, 10], [1], [4], [6], [9], [3, 5], [8]]
}
}