{
"chuffed":
{"time":301,
"optimal":false,
"obj":1018,
"sol":[[47], [46], [45], [44], [43], [42], [41], [40], [39], [38], [37], [36], [35], [34], [33], [32], [31], [30], [24, 25, 26, 27, 28, 29], [9, 21, 12, 15, 23, 17, 18, 16, 14, 1, 2, 3, 4, 5, 8, 13, 20, 19, 22, 11, 6, 10, 7]]
},
"gecode_dist_symmetry_break_restart":
{"time":2,
"optimal":true,
"obj":286,
"sol":[[1, 13], [2, 41], [3, 23], [4, 37, 28], [12, 14], [6, 11, 36, 10], [7, 46], [8, 29], [9, 42], [30, 32], [5, 33], [15, 40, 24], [16, 43, 31], [19, 34], [17, 38], [18, 20], [21, 44], [26, 25, 45], [22, 47], [27, 39, 35]]
},
"gecode_restart":
{"time":2,
"optimal":true,
"obj":286,
"sol":[[40, 18, 30, 2], [22, 41, 4], [1], [9, 5, 8], [21, 43, 45, 44], [32, 47, 46, 11, 31], [13], [17, 20], [19, 14, 28], [29, 26], [16, 25, 38, 42], [33], [12, 34, 39], [3], [36, 23], [7], [27], [35, 10], [6, 24, 37], [15]]
},
"gecode_dist_symmetry_break":
{"time":300,
"optimal":false,
"obj":433,
"sol":[[1, 43, 2, 23], [3, 13], [4, 46], [5, 40], [39, 6, 8, 44], [42, 7, 32, 35, 47], [9, 38], [10, 34], [11, 28], [12, 45], [14, 24], [15, 19], [16, 27], [17, 36], [18, 22], [20, 26], [21, 31], [25, 29], [30, 41], [33, 37]]
},
"gecode":
{"time":300,
"optimal":false,
"obj":433,
"sol":[[2, 23, 35, 44], [3, 13, 1], [4, 46, 47, 43], [42, 5, 40], [6, 8], [39, 7, 32], [9, 38], [10, 34], [11, 28], [12, 45], [14, 24], [15, 19], [16, 27], [17, 36], [18, 22], [20, 26], [21, 31], [25, 29], [30, 41], [33, 37]]
}
}