{
"gecode_restart":
{"time":2,
"optimal":true,
"obj":167,
"sol":[[11, 1, 4, 15], [13, 7, 3, 8], [5], [9, 10, 16], [2, 12], [14, 6, 17]]
},
"highs":
{"time":300,
"optimal":false,
"obj":168,
"sol":[[8, 2, 13], [14, 4], [10, 16, 9], [11, 1, 17, 15], [12, 7, 3, 6], [5]]
},
"chuffed":
{"time":300,
"optimal":false,
"obj":186,
"sol":[[17], [16], [15], [13, 7, 3, 6, 8], [2, 5, 9], [12, 11, 1, 4, 14, 10]]
},
"gecode":
{"time":1,
"optimal":true,
"obj":167,
"sol":[[2, 9], [14, 7, 3], [6, 17, 8, 16, 15], [4, 13], [1, 10], [12, 11, 5]]
}
}