{
"basic_binary_search":
{"time":50,
"optimal":true,
"obj":244,
"sol":[[6], [3], [12], [4], [7], [9], [1], [8], [2, 11, 13, 10], [5]]
},
"basic_linear_search":
{"time":64,
"optimal":true,
"obj":244,
"sol":[[5], [4], [9], [10], [3], [1], [12], [8], [6, 7], [2, 11, 13]]
},
"load_symmetry_break_base_search":
{"time":241,
"optimal":true,
"obj":244,
"sol":[[2], [6, 9], [1], [12], [3, 4, 10], [7], [5], [13], [8], [11]]
},
"basic_base_search":
{"time":273,
"optimal":true,
"obj":244,
"sol":[[9], [4], [3], [12], [11, 1, 2, 6], [10], [13], [5], [7], [8]]
}
}