{
"basic_binary_search":
{"time":22,
"optimal":true,
"obj":186,
"sol":[[1], [3], [10], [7, 8], [5, 4], [6], [9], [2]]
},
"basic_linear_search":
{"time":23,
"optimal":true,
"obj":186,
"sol":[[4], [8], [5], [1], [2], [6], [9, 7], [10, 3]]
},
"load_symmetry_break_base_search":
{"time":80,
"optimal":true,
"obj":186,
"sol":[[2, 4], [6], [5], [1], [8], [7], [9], [10, 3]]
},
"basic_base_search":
{"time":109,
"optimal":true,
"obj":186,
"sol":[[6], [9], [10], [4], [7], [8], [1], [5, 3, 2]]
}
}