{
"basic_binary_search":
{"time":50,
"optimal":true,
"obj":436,
"sol":[[1, 2], [6], [5], [8], [4, 11], [3, 7], [9], [10], [12], [13]]
},
"basic_linear_search":
{"time":56,
"optimal":true,
"obj":436,
"sol":[[8], [9], [13], [12], [7], [3], [6], [10], [1], [4, 11, 2, 5]]
},
"load_symmetry_break_base_search":
{"time":281,
"optimal":true,
"obj":436,
"sol":[[4], [5], [6, 9, 1], [7], [10], [13, 8], [2], [12], [11], [3]]
},
"basic_base_search":
{"time":300,
"optimal":false,
"obj":436,
"sol":[[11], [10], [5], [13], [6, 12, 4, 1], [3], [2], [8], [7], [9]]
}
}