{
"basic_binary_search":
{"time":22,
"optimal":true,
"obj":220,
"sol":[[7], [5, 2, 4], [1], [3], [9], [6], [10], [8]]
},
"basic_linear_search":
{"time":28,
"optimal":true,
"obj":220,
"sol":[[2], [10], [1], [9], [8], [4], [5, 7], [6, 3]]
},
"load_symmetry_break_base_search":
{"time":110,
"optimal":true,
"obj":220,
"sol":[[1, 2, 4], [7], [8], [3], [10], [5], [9], [6]]
},
"basic_base_search":
{"time":110,
"optimal":true,
"obj":220,
"sol":[[8], [4, 7, 5], [2], [10], [3], [6], [9], [1]]
}
}