{
"copt+SB":
{"time":0,
"optimal":true,
"obj":244,
"sol":[[8], [1], [9, 3], [4], [5, 10], [13, 2], [7], [6], [11], [12]]
},
"copt":
{"time":0,
"optimal":true,
"obj":244,
"sol":[[12], [11, 2, 1], [10], [4, 8], [5], [7], [13], [9], [6], [3]]
},
"gurobi+SB":
{"time":0,
"optimal":true,
"obj":244,
"sol":[[8], [12], [5], [3], [7], [13, 1], [10], [9], [4, 11], [6, 2]]
},
"gurobi":
{"time":0,
"optimal":true,
"obj":244,
"sol":[[3, 9], [5, 10, 4], [11], [8], [2], [1], [7], [12], [13], [6]]
},
"cbc+SB":
{"time":0,
"optimal":true,
"obj":244,
"sol":[[1], [4], [2], [10], [3, 9], [13, 7, 11], [6], [12], [5], [8]]
},
"cbc":
{"time":0,
"optimal":true,
"obj":244,
"sol":[[1, 13, 7], [11], [12], [9], [3], [8], [2], [6, 5], [10], [4]]
}
}