{
"copt+SB":
{"time":300,
"optimal":false,
"obj":445,
"sol":[[5], [15, 10], [16], [4], [47, 11], [20, 18, 24, 23, 17], [46, 6], [12], [31, 34, 38, 39, 1], [37, 40, 13], [36, 14], [7], [35, 32, 42, 33, 2], [9], [26, 21], [45, 8], [44, 41, 43, 30, 3], [28, 27, 29], [19], [25, 22]]
},
"copt":
{"time":300,
"optimal":false,
"obj":494,
"sol":[[39], [11, 3], [28], [46, 26, 43, 38, 15], [45, 4], [25], [24], [47, 8], [33, 19, 41, 10, 12], [37], [29], [36], [23, 5, 35, 6, 44, 1], [18, 17, 40, 9], [34, 14], [30], [22, 16], [42, 21], [32], [20, 13, 27, 7, 31, 2]]
},
"gurobi+SB":
{"time":139,
"optimal":true,
"obj":286,
"sol":[[25, 9], [2, 39, 45], [35, 43, 36, 11], [46, 3, 6, 10], [32, 41, 5], [27, 19], [12, 17], [8, 13], [20, 47], [14], [37, 33], [22], [44, 42, 40], [24, 7, 16], [38], [34, 30, 26], [1], [31, 23, 18, 15], [29, 28], [4, 21]]
},
"gurobi":
{"time":7,
"optimal":true,
"obj":286,
"sol":[[15, 36, 29, 4], [12, 18], [5, 13], [10, 43, 40, 32], [28, 21], [45, 44, 38], [8, 2], [11, 34, 6], [7, 22, 47], [25, 24, 14, 1], [23, 3], [42, 16], [46], [30, 20], [41], [27, 9, 31], [33], [35, 19], [26, 17], [37, 39]]
}
}