{
"copt+SB":
{"time":0,
"optimal":true,
"obj":322,
"sol":[[3, 4], [7, 2], [5], [1], [6], [8]]
},
"copt":
{"time":0,
"optimal":true,
"obj":322,
"sol":[[6], [8], [4], [3, 1, 2], [7], [5]]
},
"gurobi+SB":
{"time":0,
"optimal":true,
"obj":322,
"sol":[[8, 4], [3], [1, 6], [2], [5], [7]]
},
"gurobi":
{"time":0,
"optimal":true,
"obj":322,
"sol":[[6], [5], [4], [3], [2], [7, 8, 1]]
},
"cbc+SB":
{"time":0,
"optimal":true,
"obj":322,
"sol":[[4], [1], [5], [2, 7, 3], [6], [8]]
},
"cbc":
{"time":0,
"optimal":true,
"obj":322,
"sol":[[6], [7], [2, 5], [4], [1, 8], [3]]
}
}