{
"copt+SB":
{"time":0,
"optimal":true,
"obj":226,
"sol":[[9, 3], [2, 7], [1], [4], [8, 6], [5]]
},
"copt":
{"time":0,
"optimal":true,
"obj":226,
"sol":[[7], [3], [1, 4], [2], [9, 5], [6, 8]]
},
"gurobi+SB":
{"time":0,
"optimal":true,
"obj":226,
"sol":[[2], [7, 3], [4], [1], [5], [8, 6, 9]]
},
"gurobi":
{"time":0,
"optimal":true,
"obj":226,
"sol":[[1, 4], [5], [7, 2], [3], [8, 6], [9]]
},
"cbc+SB":
{"time":1,
"optimal":true,
"obj":226,
"sol":[[3, 2, 7], [8], [1], [5], [4], [9, 6]]
},
"cbc":
{"time":0,
"optimal":true,
"obj":226,
"sol":[[7, 2], [4, 1], [6, 9], [5], [3], [8]]
}
}