{
"copt+SB":
{"time":0,
"optimal":true,
"obj":186,
"sol":[[7, 4], [2, 10], [3], [6], [8], [5], [9], [1]]
},
"copt":
{"time":0,
"optimal":true,
"obj":186,
"sol":[[2, 5], [1], [6], [9], [3], [8], [10], [4, 7]]
},
"gurobi+SB":
{"time":0,
"optimal":true,
"obj":186,
"sol":[[3], [7, 4], [8], [6, 5], [10], [9], [2], [1]]
},
"gurobi":
{"time":0,
"optimal":true,
"obj":186,
"sol":[[7, 9], [6], [5], [1], [4], [3, 2], [10], [8]]
},
"cbc+SB":
{"time":1,
"optimal":true,
"obj":186,
"sol":[[10, 3], [5], [4, 2], [6], [8], [1], [9], [7]]
},
"cbc":
{"time":0,
"optimal":true,
"obj":186,
"sol":[[10], [5], [8], [6], [3], [1], [9, 7], [4, 2]]
}
}