{
"copt+SB":
{"time":0,
"optimal":true,
"obj":436,
"sol":[[2], [6], [5], [11], [8], [3, 4], [10, 7], [13], [12, 9], [1]]
},
"copt":
{"time":0,
"optimal":true,
"obj":436,
"sol":[[6], [13], [5], [4], [11, 9], [10], [1], [8], [7], [3, 2, 12]]
},
"gurobi+SB":
{"time":0,
"optimal":true,
"obj":436,
"sol":[[13, 12, 2], [10], [8], [11, 3], [4], [7], [1], [5], [6], [9]]
},
"gurobi":
{"time":0,
"optimal":true,
"obj":436,
"sol":[[10], [9], [8], [7], [6], [5], [4], [3], [2], [12, 11, 13, 1]]
}
}