{
"z3_direct_dist_symmetry_break":
{"time":300,
"optimal":false,
"obj":375,
"sol":[[3, 27, 46], [38, 42], [20, 21], [15, 33], [30, 39], [9, 47, 31], [43, 6, 45], [12, 13], [22, 28, 7, 24], [17, 44], [18, 34], [29, 37], [1, 2], [4, 19], [8, 25], [36, 41], [16, 10, 35], [14, 11, 23], [26, 40], [5, 32]]
},
"z3_direct_load_symmetry_break":
{"time":300,
"optimal":false,
"obj":994,
"sol":[[28, 21], [47], [43], [44], [46], [40, 32, 36, 41, 33, 30], [24, 20], [45], [42], [37], [29], [14, 23, 16, 19, 25], [8, 38, 17, 18], [34], [26], [31, 13], [6, 15, 4, 39, 11, 27, 10, 9, 7, 2, 3, 5], [22], [12], [1, 35]]
},
"z3_direct":
{"time":300,
"optimal":false,
"obj":1343,
"sol":[[7], [12, 10, 4, 11], [20], [13], [9], [6], [5], [2], [16], [22, 3, 8, 1], [29], [28], [26], [24], [21], [25], [18], [17], [15, 27, 14], [19, 45, 44, 43, 46, 47, 42, 41, 40, 39, 38, 37, 36, 35, 34, 33, 32, 31, 30, 23]]
}
}