{
"cvc5_SMTLIB":
{"time":7,
"optimal":true,
"obj":244,
"sol":[[12], [6], [13], [10], [11], [8], [2, 7], [1], [9], [4, 5, 3]]
},
"z3_SMTLIB":
{"time":23,
"optimal":true,
"obj":244,
"sol":[[12], [11], [3], [7, 2, 4, 5], [10], [8], [6], [9], [13], [1]]
},
"z3_direct_full_symmetry_break":
{"time":4,
"optimal":true,
"obj":244,
"sol":[[6, 2, 7], [12], [13], [3], [9], [11], [8], [5, 1], [4], [10]]
},
"z3_direct_load_symmetry_break":
{"time":4,
"optimal":true,
"obj":244,
"sol":[[6, 2, 7], [12], [13], [3], [9], [11], [8], [5, 1], [4], [10]]
},
"z3_direct":
{"time":6,
"optimal":true,
"obj":244,
"sol":[[9], [3], [12], [8], [2], [5], [1], [6, 7, 11], [10], [4, 13]]
}
}