{
"cvc5_SMTLIB":
{"time":8,
"optimal":true,
"obj":436,
"sol":[[12], [6], [13], [10], [11], [8], [2, 7], [1], [9, 4], [3, 5]]
},
"z3_SMTLIB":
{"time":4,
"optimal":true,
"obj":436,
"sol":[[3, 10], [5], [13], [4], [7], [1, 2, 9], [8], [6], [12], [11]]
},
"z3_direct_full_symmetry_break":
{"time":4,
"optimal":true,
"obj":436,
"sol":[[12], [7], [4, 6, 9], [11], [13], [10], [2], [8], [5], [1, 3]]
},
"z3_direct_load_symmetry_break":
{"time":4,
"optimal":true,
"obj":436,
"sol":[[12], [7], [4, 6, 9], [11], [13], [10], [2], [8], [5], [1, 3]]
},
"z3_direct":
{"time":2,
"optimal":true,
"obj":436,
"sol":[[13, 6], [10], [11], [8], [5], [3], [2, 9], [1], [4], [12, 7]]
}
}